호텔인카페 구리점|<div class="txt">사진과 객실 차이가 너무심하여  많이 불쾌했음.</div>|<div class="num">6.0</div>
호텔인카페 구리점|<div class="txt">여기어때 사진만보고 예약결제까지 다하고 갔는데 10시 입실인데 예약 확인결과 예약도 안되있고 예약번호로 확인하더니 다른사람이<br/>사용중이던 방이고  11시까지 방만들어주겠다고 얘기하고 다른방에대기해달라는데.....1시간동안 불편한방에서 대기.....그래도 참고 1시간 기다려 예약한 방에갔는데 와~~대박 ㅡㅡ;;;;<br/>청소상태 완전 엉망 여기저기 머리카락에 바닥 선반에 하얀먼지에<br/>이불은 세탁을한건지ㅡㅡ 여기저기 핏자국 있고...<br/>거기에 사진과는 다른 방에...스위트 예약하고 갔는데 사진과는 진짜다른.. 조금이라도 비슷한게 하나도없고...내가 순진한건지....<br/>정말 실망이고 다시는 가고싶지 않은 곳이네요. .<br/>사진은 믿을게못되네요.<br/>원래 리뷰 잘안다는데 여기는 다른분들 사진에 속지말라고 이렇게 리뷰 남겨요.</div>|<div class="num">2.0</div>
호텔인카페 구리점|<div class="txt">객실과 욕조크기를 보고 결정한 곳인데 욕조만 사용하기 좋고 다른 것은 다 별로입니다 객실위생상태가 아주 좋지 못했습니다 새로 교체했다는 침구류에는 알지못할 빨간 얼룩들이 있고 리모컨엔 먼지가 가득 쌓여있고 오래 사용하지 않은 듯 해보였습니다 방음도 안되고 중문이있지만 닫아도 방음이 잘되지않았습니다 하나 만족한 것은 욕조크기가 큰 것 밖에 없네요 다음에 또 이용하고 싶지 않은 곳입니다</div>|<div class="num">3.0</div>
호텔인카페 구리점|<div class="txt">잘쉬다갑니다~~~~~</div>|<div class="num">10.0</div>
베니키아 JD관광호텔|<div class="txt">깨끗하고 친절하며 정리정돈 잘되어있습니다. 광릉수목원과도 가깝고 주변먹고마실곳 많습니다. 다만 호텔자체주차시  입구와출구가 같아서 주의가필요합니다. 왕릉을 못가봐서 다음에 또 방문하고싶네요</div>|<div class="num">10.0</div>
베니키아 JD관광호텔|<div class="txt">1. 사장님 친절하십니다.<br/>    2박예약도 잘됩니다.<br/>2. 주창장이 좁습니다. <br/>    늦게 가면 옆건물에 주차해야 합니다.<br/>3. 퇴실 30분전에 알람해주십니다.<br/>4. 일회용품 2개씩 주십니다.</div>|<div class="num">10.0</div>
베니키아 JD관광호텔|<div class="txt">처음 방문하고 숙소가 너무 마음에 들어서 또 이용하게된곳 입니다~<br/>객실 역시 쾌적하고 주변에 이용할수 있는곳들이 많아서 좋습니다<br/>아쉬운점은 욕조가 작은거 말고는 모두 만족합니다^^</div>|<div class="num">10.0</div>
베니키아 JD관광호텔|<div class="txt">연박으로 이용한곳 입니다~<br/>호텔 주차장 입구 좁은거 말고는 주차하는데 어려움이 없어요~<br/>로비에 계신 남자 사장님 너무 친절하시고 저희는 연박으로 이용해서 다음날 청소까지 받고 이용했는데요<br/>객실 청소해주신 중년여성분께 완전 감동 받았습니다<br/>아무래도 연박이라 개인 소지품을 챙겨서 왔는데 제 화장품쪽 정리까지 해주시고 정말 감사했습니다~<br/>다음에 또 이용하겠습니다^^</div>|<div class="num">10.0</div>
베니키아 JD관광호텔|<div class="txt">출장으로 연박했습니다 전체적인 숙소 컨디션은 아주 좋아요 다만 흡연실때문에 복도 전체에 담배냄새가 나고 제가 지낸 방은 화장실에서 곰팡이 냄새가 많이나더라구요 눈에 보이지 않는거로 봐서는 안쪽 부분에 곰팡이가 많은것 같습니다..<br/>주차는 진출입로가 좁아서 어려운 편이구요 이미 많은 사람들이 긁은 흔적이 있더라구요 출차하는 차 때문에 후진도 한번 했는데 조금 더 일찍부터 경고사이렌 울리면 더 도움이 되지 않을까 싶습니다<br/>주변에 상가가 많아서 식사 해결하기에 아주 좋았어요</div>|<div class="num">8.0</div>
베니키아 JD관광호텔|<div class="txt">시설은 일반 숙소같아요<br/>1박할만해요<br/>주변에 음식점도있고편해요</div>|<div class="num">7.0</div>
베니키아 JD관광호텔|<div class="txt">포천 인근에 비즈니스 업무로 숙박할 호텔을 알아보던 중에 한국관광공사가 인증하는 JD베니키아를 예약하게 되었네요<br/>업무보는 장소와는 조금 떨어져 있어도 깨끗하게 관리되는 곳에서 숙박하고 싶었거든요~~<br/><br/>위치는 남양주 진접에 위치하고 있습니다.<br/>자차 이용해서 호텔 지하에 주차 했구요...<br/>지하 주차장 내려 가기가 조금은 어렵더군요...ㅠ<br/>승용 대형 차량과 SUV대형 차량은 조심조심 해서 내려 가셔야 할것 같아요.. 회전 공간도 좁고 지하 내려가는 경사도 있어서 몹시 주의해서 주차 해야합니다.<br/>호텔내 주차장 만차시 인근 주차 타워에 주차 가능하다는 안내문도 있으니 참고 하시면 되구요..<br/>대중교통 이용시 4호선 오남역에서 도보 5분정도 걸릴것 같네요...<br/> <br/>비즈니스호텔로 프런트 공간은 협소합니다.<br/>체크인 진행시 1인 비즈니스중식 스테이크 패키지로 예약해서 체크아웃날 2층에서 스테이크 식사에 대한 설명과 주차 할인권 받았구요..<br/>주차 할인권은 분실하면 일일 주차요금이 발생되니 잘 챙겨야 하구요~~<br/>프런트바로 앞에는 작은 쇼파가 있어요..<br/>프런트는 프런트 일뿐 협소 합니다.<br/> <br/>객실의 크기가 일반적인 비니즈니 호텔에 비해 매우 넓어서 좋았네요.. 침대도 괜찮구요..<br/>각종 어메니티 제공 되구요<br/>치솔,치약  면도기 2개 있네요<br/>다회용 핸드워시,샴푸,린스 있습니다...바디워시는 없으니 필요 하시면 챙겨 가셔야 합니다.<br/>욕조도 구비하고 있으나 욕조 사이즈가 많이 작아요<br/>딱~~반신욕 하기좋게 크기는 작으나 깊이가 있어서 반신욕 하기 좋습니다.. 비데도 있구요~~<br/>샤워기 수압도 좋고 바닥 물 빠짐도 좋네요.<br/>객실 크기나,욕실 크기가 넓어서 쾌적하게 이용 할수 있어서 좋네요..<br/>객실 뷰는 조그만 공원이 보이는 시티뷰 이구요~~<br/> <br/>호텔 주위에 먹거리도 많아서 좋지만...<br/>호텔 주위에 야장으로 운영하는 곳이 여러곳 있어서 소음이 들리는건 어쩔수 없구요....<br/>주위에 하나로마트,KFC 좀 떨어져 있지만 이마트도 있네요<br/><br/>체크아웃 하고 호텔 2층에 있는 스테이크 레이브에서 <br/>패키지로 예약한 스테이크로 중식 해결 했네요<br/>패키지에 포함된 상품 이지만 분위기도 좋고 맛도 좋아서 기분 좋게 이용했습니다...<br/><br/>업무로 방문하게된 호텔 이지만 가족,친구와 이용해도 좋을것 같아요...<br/>평일 저렴한 가격에 패키지로 이용 할수 있어서 아주 만족했습니다..<br/> <br/>조만간 재방문 예정 입니다~~^^</div>|<div class="num">10.0</div>
베니키아 JD관광호텔|<div class="txt">편리하고 좋습니다 세탁기와 건조기도 아용항수 있어 좋았어요</div>|<div class="num">10.0</div>
베니키아 JD관광호텔|<div class="txt">이쪽으로 처음오는 출장이어서 베니카아를 믿고 숙박을 잡았습니다 전반적으로 조금 오래되었다는점이 조금 걸리는부분이고 전반적으로 무난하지않았나 싶네요 주변에 먹거리가 많아 정말이지 좋았습니다<br/>좋은점은 가성비가 좋았고 직원분들이 나이가드신 어르신들이 친절하신대응이 좋았으며 주변상권이 출장에 적합하나 가족여행은 어울리지 않습니다<br/>단점은 오래된건물과 주차장입구의 비좁음이 조금 불편하였습니다 그래도 잘 쉬다 갑니다</div>|<div class="num">8.0</div>
베니키아 JD관광호텔|<div class="txt">직원들친철하고 방도깨끗하고 좋아요</div>|<div class="num">10.0</div>
베니키아 JD관광호텔|<div class="txt">평일에도 만실이네요<br/>예약하실분들은 서두르심이 종겠습니다.<br/>직접이용해보니 매우 깔끔하고<br/>침구류도 고급지네요<br/>직원분 서비스는 100점입니다<br/>호텔주변 편의점과 식당도 많아요<br/>다음에도 이용할생각있습니다</div>|<div class="num">10.0</div>
베니키아 JD관광호텔|<div class="txt">아이들과 1박했어요.<br/>주변 상권이 좋아 먹고 즐기기 좋았구요<br/>이마트와 하나로마트가 가까이에 있어 편했어요<br/>주차장은 진입로가 좁긴해도 무난하게 이용했어요<br/>작은 욕조는 반신욕하기 딱이였고 수압과 온수도 아주 만족스러웠어요<br/>침구 상태와 에어컨도 좋았고 패키지로 묶인<br/>1인 스테이크는 체크아웃. 한 후 여유롭게 <br/>아이들과 피자 볶음밥과 함께 푸짐한 점심을 즐길 수 있었어요. 다음에 진접에 간다면 재방문 의사 있습니다^^</div>|<div class="num">10.0</div>
베니키아 JD관광호텔|<div class="txt">가끔씩 진접갈때마다 이용하는 숙소입니다.<br/>이제는 갈때마다 제 집같고 편하게 느껴지는것 같습니다.<br/>주변에 편의점 많고 식당, 술집, 마트, 롯데시네마까지~<br/>편의시설이 많아 더욱 편리하고 좋습니다^^<br/>룸 컨디션이랑 침구류도 쾌적하니 아주 좋아요~<br/>창문열면 파크뷰라 확 트여있구요~<br/>공원 산책하기도 좋습니다.<br/>저희 가족이 거의 분기마다 이용하는 곳인데 다음번에도 또 예약하고 가겠습니다~ 잘 보내고 왔습니다^^</div>|<div class="num">10.0</div>
베니키아 JD관광호텔|<div class="txt">깨끗하고 주차장도 넓어서 좋아요 근처에 먹을데도 많고요</div>|<div class="num">10.0</div>
베니키아 JD관광호텔|<div class="txt">공휴일에 들리다보니 주차 문제 빼고는 완벽했습니다 !</div>|<div class="num">9.3</div>
베니키아 JD관광호텔|<div class="txt">깨끗하고 깔끔하네요<br/>주변에 먹거리도 많고~</div>|<div class="num">10.0</div>
베니키아 JD관광호텔|<div class="txt">객실이 깔끔하고 편안했어요<br/>에어컨도 잘 나오고 화장실도 넓어서 쓰기 좋았습니다~~<br/>편안한 일박 했네요^^<br/><br/>주차는 일찍 대서 큰 문제 없었습니다~</div>|<div class="num">8.0</div>
베니키아 JD관광호텔|<div class="txt">사실 예쁜 카페 구경할 겸 쉴 겸<br/>남양주를 갔던건데<br/>다른 숙소들은 체크인 시간이 늦더라구요<br/>그래서 못쉴거같아서 알아보다가<br/>2성급 호텔이 있어서 바로 예약했어요<br/>한 건물 자체가 다 호텔이라 좋았고<br/>주차 어렵다고 하는데 초보들은 많이 긁어먹을거같았지만<br/>내부는 어렵지 않아서 좋았어요<br/>방도 넓고 쾌적해서 오히려 푹 쉬고<br/>예정에 있던 카페들은 가보지도 못했어요<br/>중심가라 먹을거리도 많구 배달이나 포장하기도 짱이었어요<br/>일단 비흡연자들인데 환기되는 큰 창이 있어서 좋았고<br/>한번 더 들리자고 찜해놨어요 잘 쉬다 갑니다</div>|<div class="num">10.0</div>
베니키아 JD관광호텔|<div class="txt">친척 댁 방문했다가 숙소 예약해서 들어간 곳인데 가성비 라주 좋은 숙소였어요. 스테이크 먹을껌해서 1인 무료 런치ㅜ제공하는걸로 예약.  일단 숙소는 생각보다  넓었어요.  저녁먹고 속이 더부룩했는데 방안에서 왔다갔다 할 공간이 있었어요. 욕조는 크지 않았지만 반신욕하기 더 없이 좋았고 욕싷마저도 충분히 넓어 좋았슺니다. 1회용품이 두개씩 있는게 넘 좋더군요.  보통 다른곳은 폼클렌저 1개 뿐인데 우연인건지 원래 그런건지 폼클렌저, 면도기,샤워퍼프..각 두개씩 있었어요. 커피와 녹차도 비닐포장이라 더 안심이 됐구요. 침대 컨디션도 좋았어요.  다만 펑소가 좀 덯 되어 곳곳에 머리카락이 있었던게 좀 거슬렸구요.  호텔 주변이 먹자골목이라 새벽까지 소음이 듷려왔어요.  공원쪽 뷰라 탁 트인 전망은 맘에 들었소, 퇴실하고 2층에서 스테아크와 빠에야 주문해서 먹었는데 생각이상으로 맛나고 괜찮았어요. 언제까지 1인 스테아크 제공 이벤트를 할 진 모르겠으나 꼭 한번쯤은 이용해 보시길 추천합니다. 전체적으로 잘 쉬다 왔어요. 주변에 상가도 많고 재방문 의사 있습니다.</div>|<div class="num">10.0</div>
베니키아 JD관광호텔|<div class="txt">객실 내부 청소상태 및 침구류 청결해서 좋았어요. 화장실도 깨끗하고 샤워기 물도 시원하게 잘 나와서 만족했습니다. 3층이었는데 시끄럽지 않았고 창 밖 풍경도 초록초록하니 좋더라구요. 다만 호텔 주차장이 만차라 못들어가고 좀 떨어진 옆건물 주차장에 주차해야 하는게 번거롭고 매우 불편했어요. 하필 비가 오는 날이었는데 먼 데 주차하고 짐 들고 호텔까지 걸어오느라 비 다 맞고 홀딱 젖어서 기분이 상했습니다.</div>|<div class="num">6.0</div>
베니키아 JD관광호텔|<div class="txt">*더블룸<br/><br/>좋은점<br/>-로비 향기좋음<br/>-내부 깔끔<br/>-냉방 좋음<br/>-일회용 세면도구 비치됨 칫솔치약은 없음<br/>-슬리퍼 비치됨<br/>-냉장고 소음 없음<br/>-암막커튼 있음<br/>-비대 있음<br/>-욕조있음<br/>욕조랑 샤워부스 분리되어서 매우좋음<br/>-나름 산뷰? 괜찮았음!<br/>-주변에 먹거리 많음<br/>-수건이 깨끗해서 좋았음!<br/><br/>아쉬운점<br/>-샤워부스 수압이 조금 아쉬움<br/>-이불이 조금 오래된 느낌이 아쉬움</div>|<div class="num">6.6</div>
베니키아 JD관광호텔|<div class="txt">깔끔하고 좋았습니다.</div>|<div class="num">10.0</div>
베니키아 JD관광호텔|<div class="txt">2성급 호텔중에는 단연 최고라 생각됩니다.<br/><br/>얼마전까지는 주차차단기 때문에 좀 불편함이 있었는데<br/>잘 고쳐진것 같아서 좋습니다.<br/><br/>주변에 맛집도 많고 갈곳도 많아서 좋습니다.<br/><br/>테이블이 커서 포장해서 먹을때도 편하구요.<br/><br/>청소도 갈때마다 느끼지만 너무 깨끗하게 잘되어 있습니다.<br/><br/>특히, 입실시간이 빨라서 너무너무 좋습니다.<br/><br/>주변에 다른 숙소들은 입실이 20시나 21시인데 반해 <br/>오랫동안 쉴수 있어서 최고인듯합니다.<br/><br/>재방문 의사 있습니다.</div>|<div class="num">10.0</div>
베니키아 JD관광호텔|<div class="txt">진접에 일이 있거나 지인들 만나러갈때 예약해서 묵는 숙소에요~ 오랜만에 갔는데 여전히  룸컨디션, 침구류도 깔끔했습니다. 주변에 모텔이 여러곳있지만 저흔 가족 3인이라 호텔인 이곳을 이용합니다. 바로 앞 딱트인 공원이 있어 좋고 근처에 식당, 카페, 편의점이 많아 좋아요^^  그리고 대형마트랑 영화관도 가까이있어 편리하게 이용할수있어 너무 좋습니다.<br/>다음번에 또 진접갈때 예약하겠습니다^^</div>|<div class="num">10.0</div>
베니키아 JD관광호텔|<div class="txt">호텔 건물 주차장이 만차여서 안내받고 옆 건물 주차장에 주차했습니다. 옆 건물 주차장 넓고 주차하기 편했습니다. <br/>주변에 식당이 많아서 음식 사먹을 곳이 많았습니다. <br/>객실은 들어가자마자 락스냄새(?)가 심하게 나서 창문부터 열고 환기 시켰습니다. 적응되니 괜찮아 졌습니다.<br/>에메니티는 다 갖춰져있고 침대도 넓고 잘 쉬다 왔습니다. <br/>스테이크1명 제공이 포함된 상품으로 결제했고 다음날 2층 식당가서 스테이크도 잘 먹고 왔습니다.</div>|<div class="num">8.6</div>
베니키아 JD관광호텔|<div class="txt">직원분들 친절하시고 주차 편하고 조용하고 편한해서 올때마다..<br/>미리 예약합니다..잘쉬다 갑니다~~</div>|<div class="num">10.0</div>
베니키아 JD관광호텔|<div class="txt">친절한 고객응대도 좋았구 <br/>객실 컨디션도 괜찮았구요<br/>편히 잘쉬고갑니다<br/>다음에도 또 이용할예정입니다</div>|<div class="num">10.0</div>
베니키아 JD관광호텔|<div class="txt">마운틴뷰인 디럭스로 예약했는데, 그래도 산뷰라 괜찮네요. 건물뷰 인 방도 있을거 같은데 .. 높은층에 산뷰라서 창문도 열고 좋네요. 방은 가성비가 너무 좋네요. <br/>깔끔하고 적당한 사이즈구요. 안마의자도 있어서 맘껏 사용했습니다. 욕조도 1인욕조라 반신욕도 즐길수 있구요. 근처에 식당이나 편의점도 다 있구요. 주차는 건물 안과 옆의 건물에도 주차 할수 있네요. 편하게 쉬고 왔습니다.</div>|<div class="num">10.0</div>
베니키아 JD관광호텔|<div class="txt">룸컨디션 매우 좋습니다.<br/>침대 매트리스 완전 좋습니다^^;<br/>1회용품도 잘 구비되어있구요.<br/>면도기, 폼클랜징, 샤워폼은 2개씩 준비되어 있어요.<br/>주차장이 조금 좁은것과 주차장 차단기는 <br/>정비가 필요할 것 같습니다.<br/>안내직원분들, 청소하시는 분들까지 전부 친절하십니다.<br/>너무 좋아서 자주이용합니다.<br/>호텔주변으로 맛있는 음식점도 많고, <br/>근교에 맛집들도 많습니다.</div>|<div class="num">10.0</div>
베니키아 JD관광호텔|<div class="txt">주차장 연결통로가협소해요.. 프론트직원이 너무 사람들을 유심히?보는 느낌이들어요.<br/>아침 수건요청했더니 프론트로 받으러오라네요.<br/>동선상 방문했는데 하루쉬기에 가격저렴하지만<br/>재방문은 안할것같아요</div>|<div class="num">6.0</div>
베니키아 JD관광호텔|<div class="txt">좋아요 깨끗하고 친절해요</div>|<div class="num">10.0</div>
베니키아 JD관광호텔|<div class="txt">깨끗하고 주변에 먹을 곳도 많고 잘 쉬다 갑니당 ㅎㅎ<br/>한 가지 룸 안이 너무 건조해요 <br/>수건 적셔서 침대 머리맡에 안 놓아두면 목이랑 코 사망합니다 🤣🤣</div>|<div class="num">10.0</div>
베니키아 JD관광호텔|<div class="txt">두말이 필요없는 호텔입니다<br/>지하주차장이 조금부편하긴 하지만<br/>RV만 아니면 패스<br/>호텔은 만점</div>|<div class="num">10.0</div>
베니키아 JD관광호텔|<div class="txt">언제나 깨끗하고 창결해서 좋은곳<br/>조금은 시끄러워도 좋은곳<br/>항상가는곳</div>|<div class="num">9.3</div>
베니키아 JD관광호텔|<div class="txt">위치가 너무 좋았고요<br/>다른 숙소대비 방 상태가 너무 깔끔합니다<br/>프론트도 너무 잘 대해주십니다<br/>여자친구와 많이 이용하는데 지금까지 한번도 불편한점을 느껴본적은 없습니다<br/>주변에 맛있는 식당들도 많아 모텔 데이트할때 좋다고 생각합니다<br/>다만 담배냄새가 조금 나긴하는데 입실할때마다 환기하는 모습이보여 크게 문제가 된다는 생각은 안합니다<br/>다음에 또 이용하겠습니다 추천드려요</div>|<div class="num">10.0</div>
베니키아 JD관광호텔|<div class="txt">평소에 자주가는 숙소라 항상 만족하고 사용하고 있습니다.<br/>2박 있었는데 1박이후에 룸청소 부탁안하면 수건과 1회용품은 문앞에 곱게 놔주십니다.<br/>주차장 들어가는 차단기 상태가 좀 별루이고 <br/>직원중 젊은 남자 1분 빼고는 다 친절하십니다.<br/>앞으로도 자주이용할 예정입니다.<br/>사진에 보이는 창문은 밖에서 매우 잘보입니다.<br/>창문이 안보인다면 좀더 좋을거 같습니다. 번창하세요~</div>|<div class="num">10.0</div>
베니키아 JD관광호텔|<div class="txt">너무 좋아서 자주이용합니다.</div>|<div class="num">10.0</div>
베니키아 JD관광호텔|<div class="txt">최고입니다. 자주이용합니다</div>|<div class="num">10.0</div>
베니키아 JD관광호텔|<div class="txt">카운터 상대적으로 젊은 남자분 불친절해서 불쾌했습니다.<br/>말투부터 바꾸셔야겠어요...</div>|<div class="num">2.0</div>
베니키아 JD관광호텔|<div class="txt">진접에 호텔이 하나밖에 없어서...방에 냄새 나는 것 외에는 딱히 불만 가지지않고 이용하고 있는 숙소 입니다. <br/>직원 분들 친절하다는 느낌은 딱히 받지 못했어요.</div>|<div class="num">6.0</div>
베니키아 JD관광호텔|<div class="txt">일단,주차장입구 찾느라 한바퀴돌고 잘들어 왔어요.<br/>주차장이 좁다는 평이 있었는데 주차공간은 좁지않고 , 주차하기 편했어요.<br/>각실도 청결하고 아늑한게 좋았어요. 3명가족이 와서 쉬었다가기에는 아주 좋았어요.<br/>뷰를 선호하는 고객이라면 기대 안하시는게 좋을듯합니다.<br/>주위에 다양한 음식점들도 많아서 선택하기에 좋습니다. 크진않지만 다양하게 있어요.</div>|<div class="num">10.0</div>
베니키아 JD관광호텔|<div class="txt">깔끔하니 괜찮아요.</div>|<div class="num">8.0</div>
베니키아 JD관광호텔|<div class="txt">다른방문객들에게 도움되시라고 몇자적습니다^^<br/><br/>1.시설 및 청결상태<br/> - 주변에 모든곳을 방문해본건 아니지만, 방크기와 청결상태가 너무좋았습니다. 특유의 찌든(?)냄새도 나질 않았구요. 1인욕조는 잠시나마 피로풀기에 참 좋았습니다.<br/><br/>2.주차 및 주변시설<br/> - 외부아닌 지하주차장 이용했습니다. 중형SUV인데 운전이 서투신분들은 지하주차시 어려움있으실수있습니다.<br/>음식점, 술집 등이 많아 맛있는 곳은 찾아드심될듯 합니다.<br/><br/>3.기타<br/> - 겨울로접어드는시기라 그런지..약간추운감이 있었습니다. 프론트에 따로말씀드리진 않았는데 혹시나 방문하시는분들께서는 미리미리 문의하시길^^<br/><br/>주변 타 숙박시설대비 모든것이 만족스러웠습니다.<br/>다음에 또 뵐께요! <br/><br/>좋은기억주셔서 감사합니다^^</div>|<div class="num">10.0</div>
베니키아 JD관광호텔|<div class="txt">주변에 식당 카페 술집이 많이있어요<br/>침대도 크진않지만 푹신하고깨끗하네요<br/>예전에없던 안마의자가있어서 너무좋았어요</div>|<div class="num">8.0</div>
베니키아 JD관광호텔|<div class="txt">생각보다 깨끗하고 넓고 침대도 딱딱하지않아서 편하게 머무르다 가요 무엇보다 호텔바로앞에 식당도많고 편의점도 가까이 위치해있어서 너무 편했어요 쿠폰이있어서 주말이였지만 저렴하게 숙박할수있었습니다</div>|<div class="num">10.0</div>
베니키아 JD관광호텔|<div class="txt">후기가 좋고 2성급 호텔증 최고 호텔로 상도 받았다고 하여 기대를 갖고 예약하였으나 정말 실망하고 불쾌함을 느꼈습니다. 호텔 도착 시간은 토요일 저녁 7시30분 이후 되었고 주차장에 도착하니 만차 간판이 있고 앞에 서 있는 분이 한 바퀴 돌아 있는 다른 건물에 주차를 하라고 말씀하셨습니다. 알았다고 하고 주차장 건물을 찾으러 가는 중에 같이 갔던 부모님께서 그럼 짐은 어떻게 해야 되냐고 말씀하셨습니다. 옮겨야 할 가방이 여러개 였고 호텔 건물 주차장이 아니라 아예 다른 건물 주차장이라서 그걸 다들고 밖으로 나와 호텔까지 걸어오는 것은 무리였습니다. 그래서 호텔 카운터로 전화를 하여 상황을 알아본 바 호텔 주차장이 만차였던 이유가 호텔이 있는 같은 건물 2층 스테이크 레스토랑 손님들 때문이라는 겁니다. 주말이라 레스토랑 손님들이 많이 와서 만차라고 하여서 제가  그 손님들이 계속 있는게 아니라 먹고 나갈텐데 비는 자리가 있지 않겠냐고 했더니 그것까지 신경쓸 수는 없고 9시까지는 레스토랑 손님을 계속 받아야 하니 짐이 많으면 다시 차를 몰고 호텔로 와서 짐을 내려놓고 가고 다시 그 건물에 주차를 하라고 하였습니다. 답변을 듣고 너무 황당했습니다. 그럼 호텔에 짐 내려놓고 부모님 내리시고 저는 다시 차를 몰고 그 건물에 가서 주차를 하고 호텔까지  혼자 걸어오라는 건가요? 레스토랑 손님들만 고객인지 호텔 투숙객으로서 왜 이런 대우를 받아야 하는지 이해가 안되었고 부모님께서도 화가 나셨습니다. 그래서 다시 호텔 주차장으로 차를 몰고 갔는데 너무 황당한 모습을 목격했습니다. 호텔 주차장 만차 간판을 치우고 어떤 차 한 대를 들여보내는 겁니다. 느낌이 스테이크 레스토랑 온 고객 차량을 들여보내는것 같았습니다. 그래서 저와 부모님이 화가 나서 항의를 했고 우리도 호텔 건물 주차장에 주차하게 해달라고 요구하였습니다. 그랬더니 다른 직원분이 나와서 지금 레스토랑 고객 차량 하나가 나갈꺼니 그 차 빠지면 주차하라는 겁니다. 와 이럴수가! 호텔에 처음 도착했을때도 이렇게 해 줄 수 있었다는 건데 왜 그런거였을까요?? 호텔과 레스토랑이 같은 건물에 있어서 주차공간이 여유치 않았던 것은 충분히 이해하나 호텔 투숙객으로서 왜 이런 푸대접을 받아야 했는지 그동안 전국 방방 곡곡의 호텔을 많이 다녀봤으나 이런 대우는 정말 처음 받아봅니다. 같이 간 부모님께도 정말 죄송스러웠고 후기만 보고 이 호텔을 예약한 제 자신이 정말 후회스러웠습니다. 호텔 고객도 레스토랑 고객처럼 귀하게 생각하고 대우해주는 서비스 정신을 가지기를 바랍니다.</div>|<div class="num">3.3</div>
베니키아 JD관광호텔|<div class="txt">숙소 위치가 좋고 주변에 음식점과 술집, 카페도 많습니다. 숙소에 들어갔을때 청소상태가 꽤 괜찮았습니다. 따뜻한 물도 잘나오고 화장실에 구비되어 있는 샴푸와 컨디셔너도 향이 나쁘지 않았습니다. 주차장이 그리 넓지 않아서 객실당 1대씩만 허용되는건 좀 아쉽네요. 전체적으로 룸컨디션이 괜찮은 숙소라 재방문 의사가 큰 곳입니다. 출장중에 숙소가 필요한 분들에게 강추합니다^^</div>|<div class="num">10.0</div>
베니키아 JD관광호텔|<div class="txt">1. 깔끔하고 청결함<br/>2. 넓음<br/>3. 조용함<br/>4. 근처에 먹을 곳이 많음<br/><br/>단점은 주차장이 좁음</div>|<div class="num">10.0</div>
베니키아 JD관광호텔|<div class="txt">숙소 관리된 느낌이 잘 납니다.</div>|<div class="num">10.0</div>
베니키아 JD관광호텔|<div class="txt">베니키아는 진접올땐 고민없이 오는곳입니다. <br/>처음방문한날 매우만족해서 그담부터 다른곳 찾을 이유가없었어요- 로비에 계신 직원분도 아주 친절하시고 주차가 좀 간혹.. 헬일때가 있는데요 아. 약간 좁아서 정신을 차려야합니다 ㅎㅎㅎ 주변에 먹을곳도많아서 숙소이용하면서 주변을 즐기기면 되겠네요. 청결면에서도 불편한적 한번도 없었고 욕실도 크고 컨디션이 좋은편입니다. <br/>다음 이용때는 방을 어지르기전에 요리조리 잘 찍어 올려드릴게요 저처럼 사진리뷰 보시고 이용하시는분들은 사진봐야 결정하잖아요 <br/>암튼 좋습니다- 아! 체크인이 15시라 짐놔두고 외출 출장 약속 주차등 두루두루 좋아요</div>|<div class="num">10.0</div>
베니키아 JD관광호텔|<div class="txt">항상 여자친구가 남양주로 오면 묵게 되는 호텔입니다!<br/>시설도 좋고 깨끗하고 무엇보다 욕조가 있어서 좋아요.<br/>저녁 먹고 욕조에 물 채워놓고 반신욕하면 그게 천국입니다!!<br/>이번엔 디럭스룸으로 예약해서 안마의자도 사용해봤는데 예상보다 전신을 시원하게 주물러줘서 피로가 싸아악 풀렸습니다.<br/>다음날 체크아웃 후 2층에 있는 스테이크레이브 방문해서 점심을 먹을때도 10프로 할인해주니 참고하세요~~</div>|<div class="num">10.0</div>
베니키아 JD관광호텔|<div class="txt">시설면은 부족함이 없었고 청결합니다. 다만 객실 한쪽바닥이 좀 미끄러웠습니다</div>|<div class="num">10.0</div>
베니키아 JD관광호텔|<div class="txt">오랜만에 다시 가서 숙박하게됐는데 앞에 공원도있고 깔끔하고 좋아서 또 다시한번 와야겠네요 다음에는 2층에보니까 스테이크 집도 있는거 같은데 안시켜먹고 내려가서 스테이크도 먹고해야겠네요 ㅎㅎ</div>|<div class="num">10.0</div>
베니키아 JD관광호텔|<div class="txt">체크인시간이 3시인데 청소가 덜되어 1시간 기다린점은 좀 불편했습니다. 화장실 비데도 작동이 인되구요 그점 빼고는 대체적으로 만족합니다.</div>|<div class="num">8.0</div>
베니키아 JD관광호텔|<div class="txt">정말 너무좋았습니다 친철,청결,쾌적함 주변에 술집이많아 밖에서 보았을때 너무 시끄럽지않을까 걱정했지만 소음피해 1도없이 푹쉬었습니다</div>|<div class="num">10.0</div>
베니키아 JD관광호텔|<div class="txt">객실이 넓고 깨끗했습니다<br/>데스크 직원분이 매우 친절하셨어요<br/>주차장은 좀 좁습니다</div>|<div class="num">10.0</div>
베니키아 JD관광호텔|<div class="txt">객실 침구류, 화장실 깨끗해서 좋았습니다 프런트 직원분들도 친절하시구요 자주 이용할께요 감사합니다</div>|<div class="num">10.0</div>
베니키아 JD관광호텔|<div class="txt">가보기전에는 기대반 설렘반 갔습니다<br/> <br/>보통 사진만 믿고 갔다가 피해보기 일쑤인데<br/> <br/>그런것 없이 매우 청결하고 좋았습니다,<br/> <br/><br/>벌써 여러번 넘게 온것 같은데  사장님도 항상 친절하시고<br/>필요한거 있으면 직접 올라와서 전달해주시더라구요,,, <br/>                                                                                         (예를 들어 충전기며 헤어드라이기 등등)<br/> <br/><br/>이런 사소한것들이 잘 구비가 되어있으니 감동이였습니다.<br/> <br/><br/>일반실도 vvip 못지않게 되게 깔끔하고 좋았구요,,,<br/> <br/>저는 대실을 자주 이용하는 편입니다.,<br/> <br/><br/>숙박도 주말에 하는편인데 갈때마다 향기 좋고 깨끗하고 기분 좋게 사용하는 것 같아요,</div>|<div class="num">10.0</div>
베니키아 JD관광호텔|<div class="txt">굉장히 깨끗하고 관광호텔이라 좋았었습니다</div>|<div class="num">10.0</div>
베니키아 JD관광호텔|<div class="txt">일끝나고 남양주로 놀러갈까 해서<br/>찾아본 jd호텔<br/><br/>트윈 이용했는데<br/>싱글 퀸 구성침대 있습니다<br/><br/>조명 밝고 화장실 넓고<br/>의자2 탁자1 있어요<br/><br/>충전기 종류별로 구비되어있고<br/>종이컵4 커피1 티백2 있습니다<br/><br/>에어컨도 잘 작동되고<br/>방에서 냄새도 안나고 비품들이 전반적으로<br/>깨끗했어요<br/><br/>다만 어디든 60프로 확률로 샤워기헤드에<br/>때가 있는데 jd도 그랬네요<br/>물때인지 헤드부분 물나오는곳이<br/>하얗게 때껴있었어요<br/><br/>그외에는 화장실 청소 상태도 좋고<br/>수건도 깨끗했습니다<br/><br/>호텔나오니 주상복합 상가단지바로 앞이라<br/>음식점 많았고 편의점 종류별로있고<br/>조금만 가면 국민닭발 음식점있던데<br/>닭볶음탕 맛있게 먹었네요ㅎㅎ</div>|<div class="num">10.0</div>
베니키아 JD관광호텔|<div class="txt">두번 째 방문이었습니다. 내부도 너무 깨끗하고 위치도 좋아서 정말 좋아요. 에어컨도 빵빵하고 침대도 푹신푹신해서 푹 잘 잤습니다. 근처에 음식점도 많아서 그냥 걸어 나가서 먹고왔어요. 주차장 입구가 조금 좁긴해서 조심해야 할 것 같았습니다. 서울에서 위치도 가깝고 근처 바람쐬러 나올 때 들리기에 참 좋아요~!! 다음에는 이층에 있는 스테이크 집 가보려구뇨 !</div>|<div class="num">10.0</div>
베니키아 JD관광호텔|<div class="txt">깨끗하고 좋아요 😀 👍</div>|<div class="num">10.0</div>
베니키아 JD관광호텔|<div class="txt">편하게 잘쉬다왔어요 만족합니다!편하게 잘쉬다왔어요 편하게 잘쉬다왔어요 만족합니다!!편하게 잘쉬다왔어요 편하게 잘쉬다왔어요 만족합니다!!편하게 편하게 잘쉬다왔어요 만족합니다! 만족합니다!</div>|<div class="num">10.0</div>
베니키아 JD관광호텔|<div class="txt">숙소도 깨끗하고 좋았어요.<br/>창두 크고 숙소 크기도 커서 답답하지가않아요.<br/><br/>다만 주차장 입구가 너무너무너무너무 작아서<br/>suv차량은 힘들수있습니다..(매우힘듬)<br/>조심하세요 ㅠ 숙소는 만점입니다.</div>|<div class="num">10.0</div>
베니키아 JD관광호텔|<div class="txt">정말 괜찮은 숙소예요. 일단 방이 너무 크고 쾌적한 환경이었습니다. 사진보다 훨씬 퀄리티 좋은 방이었고, 모든것이 깨끗했습니다. 프론트에 계신 직원분도 너무 친절하시네요. 앞으로도 이 지역에 오면 계속 이용하려고 합니다^^</div>|<div class="num">10.0</div>
베니키아 JD관광호텔|<div class="txt">출장때마다 이용하는 숙소입니다. 이번에도 잘 쉬었다가 갑니다.</div>|<div class="num">10.0</div>
베니키아 JD관광호텔|<div class="txt">깨끗하게 정리되어 사용하기 조아요</div>|<div class="num">10.0</div>
베니키아 JD관광호텔|<div class="txt">진접은 자주 가는 곳인데, 숙소 잡은거는 이번이 처음이었어요. 평점도 좋고 후기도 좋길래 예약했는데 기대 이상으로 좋았네요. 근처에 갈곳도 많고 내부도 깨끗해서 푹 잘 쉬다 갑니다. 비가 많이 와서 날이 좀 습하고 덥긴 해서 그런건지 에어컨이 생각보다 시원하지는 않더라구요. 온도 최저로 낮추어도 별로 안시원해서 왜그러지 하다가 나갔는데 1층 로비는 너무 시원해서 추웠네요. 다음에도 재방문 의사 있을만큼 괜찮았네요.</div>|<div class="num">10.0</div>
베니키아 JD관광호텔|<div class="txt">인테리어랑 객실 청결도 모두 좋아요!<br/>침대도 편하고 직원 분도 친절하셔서 아주 좋았어요</div>|<div class="num">10.0</div>
베니키아 JD관광호텔|<div class="txt">객실상태도 깨끗하고, 생각보다 넓습니다.<br/>프론트 대응도 상당히 빠르고 친절해서 불편함 없이 쉬고 갑니다.<br/>주변호텔과 비교했을때 원탑인거 같습니다.<br/>만족스럽고, 결제도 용이해서 잘사용했습니다.</div>|<div class="num">10.0</div>
베니키아 JD관광호텔|<div class="txt">주변에 음식점  많아요<br/>침구류 깨끗  매트는  푹신하지 않아  오히려 좋았어요<br/>근데  침구에 소독약냄새가 많이 나서 좀   그랬어요<br/>모텔 이불냄새^^;;<br/>가성비  괜찮은곳이라   남양주 갈때마다 이용해요</div>|<div class="num">6.0</div>
베니키아 JD관광호텔|<div class="txt">청결하고 조용해서좋아요</div>|<div class="num">10.0</div>
베니키아 JD관광호텔|<div class="txt">깨끗하고 넓어서좋아요.창밖으로 개방감도좋구요.<br/>주변에 먹을곳많아요.만족하며 잘쉬고갑니다!깨끗하고 넓어서좋아요.창밖으로 개방감도좋구요.<br/>주변에 먹을곳많아요.만족하며 잘쉬고갑니다!깨끗하고 넓어서좋아요.창밖으로 개방감도좋구요.<br/>주변에 먹을곳많아요.만족하며 잘쉬고갑니다!깨끗하고 넓어서좋아요.창밖으로 개방감도좋구요.<br/>주변에 먹을곳많아요.만족하며 잘쉬고갑니다!깨끗하고 넓어서좋아요.창밖으로 개방감도좋구요.<br/>주변에 먹을곳많아요.만족하며 잘쉬고갑니다!</div>|<div class="num">10.0</div>
베니키아 JD관광호텔|<div class="txt">깨끗하고넓어서 좋았어요.뷰도좋아요!주변에 먹을곳이많아요!친절하세요깨끗하고넓어서 좋았어요.뷰도좋아요!주변에 먹을곳이많아요!친절하세요깨끗하고넓어서 좋았어요.뷰도좋아요!주변에 먹을곳이많아요!친절하세요깨끗하고넓어서 좋았어요.뷰도좋아요!주변에 먹을곳이많아요!친절하세요깨끗하고넓어서 좋았어요.뷰도좋아요!주변에 먹을곳이많아요!친절하세요깨끗하고넓어서 좋았어요.뷰도좋아요!주변에 먹을곳이많아요!친절하세요</div>|<div class="num">10.0</div>
베니키아 JD관광호텔|<div class="txt">멀지만 깔끔해서 자주이용합니다 강추요</div>|<div class="num">10.0</div>
베니키아 JD관광호텔|<div class="txt">최고........<br/>.......</div>|<div class="num">10.0</div>
베니키아 JD관광호텔|<div class="txt">이건 호텔도 모텔도 아닌 애매모호한 모호텔,,,,<br/>아니 모텔,,,리뷰를 전부 포인트를 받으려고 조작질을 하나보네,,,리뷰를 전부 고따우로 작성하니까 다른사람이 피해를 보는거요,,,,<br/><br/>먹자골목 한가운데있어서 에어컨없이 창을열면 시끄럽고 창을 닫고 에어컨을 틀고있자니 갑갑하고,,,새벽3시가 지나야  조금 조용해지나 싶었는데 그것도 아니고 ,,,,<br/><br/>오죽했으면 2박 예약했다다 1박만하고 도망을 갔을까요?<br/>그리고 ,,,,2박했다가 1박만 하고 간다니까 방하나 더 돌릴수있다고 므흣한 표정을짓는 관계자분,,,,<br/>좋아할만일인가?<br/><br/>출장와서 잔다고요? 여기를? 장난하시나요?<br/>알코올 이빠이 빨고 술기운에 일탈을 꿈꾸며 골아 떨어지는게 아니고요?<br/><br/>첫날 자보고 도망쳐나왔어요,,,,돈내고 잠설치는거보다 낫다고 생각해서,,,<br/><br/>리뷰를 전부 어떻게 쓰는건지 모를일이야!</div>|<div class="num">2.0</div>
베니키아 JD관광호텔|<div class="txt">호텔이라 그런지 깔끔하고 군더더기 없이 좋았습니다. 창문으로 보이는 뷰도 답답하지 않았고 창문을 활짝 열수있어서 시원했어요. <br/>욕실도 바닥이 금방 마르고 샤워시설도 편했습니다. <br/>욕조는 한사람 사용하기 딱 좋았습니다.<br/>그리고 안마의자 덕분에 피로 확 풀었어요~<br/>안마의자 있어도 가죽 벗겨지거나 오염되거나 해서 사용하고싶은 생각 안드는데 상태가 좋더라고요!<br/>숙소가 아주 마음에 들어서 별다른 지적할만한 사항이 없네요^^</div>|<div class="num">10.0</div>
베니키아 JD관광호텔|<div class="txt">깨끗하고 따뜻하게 잘쉬다갑니다.<br/>다음방문객참고하시라고 몇자적어봐요! <br/><br/>주변에 호텔/모텔이 많아 선택에 많은고민있으실테니 참고하시기 바랍니다! <br/><br/>근처에 식당도 많고 유흥업소도 많다보니 조금시끄러울수있지만, 문닫고있으니 괜찮았습니다.<br/><br/>전반적으로 시설도 타 업소비해 잘(?)되었다고 하고싶네요.<br/>(보통 먼지가 수북...관리가미흡^^;;) <br/><br/>출장이 많이다녀 여러지역을 오고가는데 평균이상입니다!<br/><br/>여튼 다음번에 재방문하겠습니다!<br/>참고하시길^^</div>|<div class="num">10.0</div>
베니키아 JD관광호텔|<div class="txt">가격대비 좋았어요.번화가라 주변 식당도 많구요.즐거운 여행이었어요.</div>|<div class="num">10.0</div>
베니키아 JD관광호텔|<div class="txt">항상만족하면 이용하는곳입니다</div>|<div class="num">9.0</div>
베니키아 JD관광호텔|<div class="txt">주차장있어서 편리했고 남양주 놀러와서 즐거운 추억 만들다 가요 화장실도 엄청 깨끗했고 수압도 쌔서 좋았습니다. 욕조도 생각보다 넓어서 좋았습니다침대도 푹신해서 아주 잠을 잘잤습니다. 방음도 잘되고 주변에 식당도 많아서 아주 좋았습니다. 프론트 직원분이 엄청 친절하셨고 기분좋게 이용하다 가요~~다음에 남양주에 놀러왔을때 또 이용할거 같습니다  진접에서 제일 좋은거 같아요</div>|<div class="num">10.0</div>
베니키아 JD관광호텔|<div class="txt">출장때마다 이용하고 있습니다<br/>깨끗하고 좋아요</div>|<div class="num">10.0</div>
베니키아 JD관광호텔|<div class="txt">출장때마다 이용합니다.<br/>깨끗하고 조용해요.</div>|<div class="num">10.0</div>
베니키아 JD관광호텔|<div class="txt">출장시마다 이용합니다.<br/>깨끗하고 조용해요</div>|<div class="num">10.0</div>
베니키아 JD관광호텔|<div class="txt">진짜 항상가도 깨끗해요 넷플릭스만 되면 더 완벽할텐데 그것좀 아쉽지만 꿀잠잘수있어서 좋아요</div>|<div class="num">10.0</div>
베니키아 JD관광호텔|<div class="txt">여기는 자주가고하는데  깨끗하고 너무좋은거같아요</div>|<div class="num">10.0</div>
베니키아 JD관광호텔|<div class="txt">대중교통으로도 접근하기 쉬운 위치에 있었다. 로비부터 단정하고 깔끔했다. 객실도 마찬가지로 딱 필요한것들로만 군더더기없이 깔끔했다. 침대 매트리스도 적당히 푹신함이어서 개인적으로 마음에 들었다. 침구 컨디션도 괜찮은편이었다. 완벽한 암막인거 너무 맘에 들었다. 늦잠 자시는분 아마 다 아시겠지만 중요한 포인트입니다. 기본적인 물품들 잘 갖추어져 있어 불편함이 없었다.</div>|<div class="num">10.0</div>
베니키아 JD관광호텔|<div class="txt">잘 정리되어 있었어요</div>|<div class="num">10.0</div>
베니키아 JD관광호텔|<div class="txt">룸컨디션 상태 괜찮았어요</div>|<div class="num">10.0</div>
베니키아 JD관광호텔|<div class="txt">생각보다 깨끗합니다</div>|<div class="num">10.0</div>
베니키아 JD관광호텔|<div class="txt">호텔은 깔끔하고 깨끗해요</div>|<div class="num">10.0</div>
베니키아 JD관광호텔|<div class="txt">가성비 좋은 하루 였어요~</div>|<div class="num">10.0</div>
베니키아 JD관광호텔|<div class="txt">화이트를 기반으로 인테리어도 너무 깔끔하고<br/>침구도 깔끔하고 푹신해서 편안하게 잠들기 딱 좋아요~  <br/>곳곳에 비치되어 있는<br/>인테리어 소품들도 너무 고급 지고 잘 어울리고 아기자기했어요 ~~~<br/>숙소가 아니라  촬영 스튜디오라 해도 손색이 없을 정도예요~ <br/>너무 멋진 공간에서 제대로 쉴 수 있어서 <br/>너무 좋았어요~!!<br/>담에도 또 놀러와서 쉬다가야겠어요. <br/>감사합니다.</div>|<div class="num">10.0</div>
베니키아 JD관광호텔|<div class="txt">일이 이곳 부근에서 마쳤으나 그 다음날도 일정이 있어<br/>이곳을 예약하고 방문을 했는데요.<br/>외관은 깔끔한 괸광호텔이었어요.<br/><br/>그런데<br/>침대침구류에는 머리카락과 체모가<br/>프론트에서 바꿔준 옆방엔 휴지통에 딤배꽁초가 그대로😰<br/>마지막으로 바꿔준 방 침대위엔 먼지가...<br/><br/>아쉬움 투성이었습니다.</div>|<div class="num">8.0</div>
베니키아 JD관광호텔|<div class="txt">숙소는   무난했어요<br/>청결상태,  어메니티,  넓이 다  무난<br/>티비도  크고  컴터도 있고.<br/><br/>근데  방이 넘 더운데 온도조절이 안되더라고요(보일러 작동법을 모른것일지도..)<br/><br/>주변에 식당도 적당히 있어서  숙소에 차대고  한잔 하고 들어가기도 괜츈.<br/><br/>숙소는 재방문 의사  있음<br/><br/>2층에 있는  식당 은..맛이 그냥저냥<br/>숙소랑 1인 스테이크 패키지로  이용해서 가게됐는데 이렇게 패키지로 이용시 가성비가 좋아서 갔지만<br/>음식만 먹으러  따로 가기에는 맛이 그닥..</div>|<div class="num">8.0</div>
베니키아 JD관광호텔|<div class="txt">위치는 주변에 음식점, 놀거리들이 많아 좋았습니다. 주차도 옆 공터에 주차할 수 있어 편하게 주차할 수 있었습니다. 객실은 넓고 편안합니다. 특히 기본 객실인데도 화장실이 넓고 욕조가 있어 편하게 샤워 할 수 있었습니다. 프론트도 친절하셔서 전자레인지 어디있는지 등 잘 알려주셔서 편하게 이용할 수 있었습니다. 전체적으로 좋았습니다. 진접에서 묵을일이 있다면 다시 이용할거같습니다.</div>|<div class="num">10.0</div>
베니키아 JD관광호텔|<div class="txt">해당 지역으로 출장을 올 때마다 항상 여기 숙소를 이용합니다! 우선 사장님께서 너무 친절하시구요 ㅎㅎ 룸 컨디션도 깨끗하고 잘 정리되어 있습니다. 항상 잘 이용하고 있어요 번창하세요-!</div>|<div class="num">10.0</div>
베니키아 JD관광호텔|<div class="txt">일단 방이 너무 크고 쾌적한 환경이었습니다. 사진보다 훨씬 퀄리티 좋은 방이었고, 모든것이 깨끗했습니다. 프론트에 계신 직원분도 너무 친절하시네요. 앞으로도 이 지역에 오면 계속 이용하려고 합니다^^</div>|<div class="num">10.0</div>
베니키아 JD관광호텔|<div class="txt">출장때마다 이용하는데 깨끗하고 좋아요</div>|<div class="num">10.0</div>
베니키아 JD관광호텔|<div class="txt">항상 대 만족!!!</div>|<div class="num">10.0</div>
베니키아 JD관광호텔|<div class="txt">깨끗하고 좋아요.<br/>출장때마다 잘 머물다가 갑니다</div>|<div class="num">10.0</div>
베니키아 JD관광호텔|<div class="txt">출장때마다 이용하는 숙소예요<br/>깨끗하고 좋아요</div>|<div class="num">10.0</div>
베니키아 JD관광호텔|<div class="txt">역시 깨끗 친절  좋아요</div>|<div class="num">10.0</div>
베니키아 JD관광호텔|<div class="txt">출장때마다 이용하는 숙소입니다<br/>깨끗하고 조용해요</div>|<div class="num">10.0</div>
남양주 에이원호텔|<div class="txt">○장점<br/>넷플릭스가능합니다<br/>침대가 생각보다 넓고 푹신해요.<br/>전객실 금연이라 쾌적합니다.<br/>방음도잘되는 것 같아요.<br/>○단점<br/>먼지가 너무 많아요. <br/>다음날 공기가탁해서 가래가 많이꼈네요...<br/>배달음식시키면 7층로비에서 받아야함. <br/>카드키찍고 객실로 올라갈 수 있어서 불편...합니다..ㅜㅜ<br/>일회용품은 별도 구매해야합니다.<br/>7층로비자판기에서<br/>칫솔면도기콘돔 다 사야해요<br/>따로챙겨가시길</div>|<div class="num">10.0</div>
남양주 에이원호텔|<div class="txt">두 번 째 방문이었습니다<br/>좋은 위치와 시설, 그리고 주차가 참 맘에 들었습니다<br/>프론트에 계시던 분들도 신사다운 서비스를 해주셨고<br/>특히 일하시는 하우스키퍼분들도 마주쳤는데 참 친절하셨어요<br/>종종 이용하겠습니다.ㅎㅎ</div>|<div class="num">10.0</div>
남양주 에이원호텔|<div class="txt">생각보다 넓고 깔끔해 좋았어요ㅋ 1층편의점이 일찍문을닫아 당황했지만ㅋ 친절한직원분 덕분에 안내잘받고 잘이용했어요~ 가까운곳에 생겨 좋네요ㅎㅎ</div>|<div class="num">10.0</div>
남양주 에이원호텔|<div class="txt">숙소 주변이 한적하고 조용한건 좋아요<br/>무료 주차장 이용도 편해서 만족했습니다<br/>근데 객실료는 일요일 입실인데도 좀 비싸네요<br/>가격도 부담스러운데 더 불만인건 일회용품이<br/>서비스로 제공되지 않는다는게 불편했어요<br/>일반적으로 타숙소에는 요금을 받더라도<br/>보통은 천원인데 여기는 2,500원이나 받더군요<br/>그것도 직원이 주지않고 자판기로 판매합니다<br/>차량등록도 입실할때 분명히 전부 작성했는데<br/>퇴실할때 또 물어보는건 일을 제대로 안하는건가요<br/>그리고 객실에 먼지가 너무 많아요<br/>청소 좀 제대로 하세요</div>|<div class="num">2.0</div>
남양주 에이원호텔|<div class="txt">다소 방에 머리카락이 많았는데... 그거 제외하곤 괜찮았습니다</div>|<div class="num">10.0</div>
남양주 에이원호텔|<div class="txt">스위트룸 이용객으로 객실은 아주 넓고 안마의자 및 의자 스타일러 욕조 화장실 등 아주 그런부분은 최상입니다<br/>하지만 10층 스위트룸인데 ㅠㅠㅠ....뷰가 없습니다 옆에 건물로 인해서 볼 수 있는 뷰가 없으며 침대 시트 부분이 좀 쾌적하지 못해서 그런부분만 아쉬웠습다.<br/>그치만 전체적인 부분은 아주 좋습니다</div>|<div class="num">8.0</div>
남양주 에이원호텔|<div class="txt">깨끗하고 친절하고 무엇보다 이불이 최고에요!!!</div>|<div class="num">10.0</div>
남양주 에이원호텔|<div class="txt">너무 편안하게 쉬었습니다 직원분도 친절 하고오</div>|<div class="num">10.0</div>
남양주 에이원호텔|<div class="txt">여기수압장난아닙니다..ㄹㅇ<br/>샤워하고나오기싫어져요</div>|<div class="num">10.0</div>
남양주 에이원호텔|<div class="txt">가성비가 좋은 숙소예요~  나름 주말에 연박이되어서 잘 이용하고 갑니다~  숙소가 깨끗해요<br/>가성비가 좋은 숙소예요~  나름 주말에 연박이되어서 잘 이용하고 갑니다~  숙소가 깨끗해요<br/>가성비가 좋은 숙소예요~  나름 주말에 연박이되어서 잘 이용하고 갑니다~  숙소가 깨끗해요<br/>가성비가 좋은 숙소예요~  나름 주말에 연박이되어서 잘 이용하고 갑니다~  숙소가 깨끗해요<br/>가성비가 좋은 숙소예요~  나름 주말에 연박이되어서 잘 이용하고 갑니다~  숙소가 깨끗해요<br/>가성비가 좋은 숙소예요~  나름 주말에 연박이되어서 잘 이용하고 갑니다~  숙소가 깨끗해요</div>|<div class="num">10.0</div>
남양주 에이원호텔|<div class="txt">그냥 저냥 괜찮은 곳이었어요. 근데 객실 청소 상태가 깔끔하진 않아요. 화장실 문에 큰 휴지 조각이 끼어 있던 게 좀 별로 였어요. 직원분이 친절하신 건 잘 모르겠고요. 주차장이 넓어요. 다행히 넷플릭스 되고 피자 맛집이 있어서 이 점은 아주 좋았고, 창문이 크고 열 수 있다는 것도 좋았아요. 1층에 이마트24 있는 것도요~ 침대도 푹신해서 재방문 의사는 있습니다.</div>|<div class="num">6.0</div>
남양주 에이원호텔|<div class="txt">넓고 깨끗합니다<br/><br/>외국인직원들 청소하는데 다들 친절하구요<br/><br/>호텔 프론트도 친절한 편이에요<br/><br/>엘리베이터도 깨끗한편. 주변 유흥업소도 없어서<br/>조용하고 투숙객들도 다들 조용조용한분들 모이는듯하네요<br/><br/>조용하도 넓고 크고. 다만 침구류가 편하긴한데<br/>깃털이라 그런지 알수없는 냄새가 날때가 있어요<br/><br/>겨울에 따뜻한 난방 가동.  물 수압잘나오는거 좋아요<br/><br/>에어드레서도 좋구요 냉장고 작음</div>|<div class="num">10.0</div>
남양주 에이원호텔|<div class="txt">사진하고 완전 동일하고 조용해서 편하게 쉬었어요 주차도 편리하고 방이 깨끗하고 화장실도 깨끗해서 좋았어요<br/>다음에도 남양주에 방문하게된다면 또 오고 싶은 곳이예요 깔끔한곳으로 오고 싶으시면 여기를 추천드리고  근처에 이마트도 있어서 간단히 요기거리하기도 편하네요<br/>위치는 멀리서도 잘보여서 식별히기편하고 생각보다 따뜻해서 춥지도 않아서 잠도 잘 온거 같네요 다음에 또 갈게요</div>|<div class="num">10.0</div>
남양주 에이원호텔|<div class="txt">다산 신도시에서 친한동생들과 술한잔하고 집이멀어 근처에서 자려고 알아봤는데 금액은 좀있었지만 나름 인테리어나 시설 깔끔하네요..무엇보다 침대가편해서 좋았습니다..,다음에 다산 신도시가믄 또이용할께요</div>|<div class="num">9.0</div>
남양주 에이원호텔|<div class="txt">제일 좋았던건 금연건물이라 담배냄새 1도 안나서 너무 좋았습니다! 청결하고 객실도 깨끗하구 다음에 근처올일 있으면 무조건 여기서 또 묵을것같아요!</div>|<div class="num">10.0</div>
남양주 에이원호텔|<div class="txt">친구들이랑 파티할만한 공간을 찾다가 집에서 가까운 곳에 괜찮은 방이 있는 것 같아서 예약했어요!<br/>안마의자, 스타일러도 있어서 아우터 다 스타일러에 넣어놓고 돌아가면서 안마의자도 열심히하고<br/> 파티하며 즐겁게 시간을 보냈어요<br/>욕조도 엄청 크더라구요 저희는 이용하지 못했지만 애기들이 오면 거의 수영장일것같아요<br/>큰 침대도 3개나 있어서 여럿이서 놀러오기 좋을 것 같고<br/>전체적으로 깨끗한 느낌이라 완전 만족했어요<br/>친구들과 파티, 모임 장소로 추천합니다!!</div>|<div class="num">10.0</div>
남양주 에이원호텔|<div class="txt">좋은컨디션에 좋아요</div>|<div class="num">10.0</div>
남양주 에이원호텔|<div class="txt">확실히 신축이라그런지 깔끔하네요 ㅎㅎ</div>|<div class="num">10.0</div>
남양주 에이원호텔|<div class="txt">비지니스 호텔로 적당합니다. 지하1~3층 넓은 주차장이 마음에 듭니다. <br/>청결상태도 우수하고 놃고 쾌적합니다<br/>신형에어컨에 에어드레서, 넓은 욕조도 있는데 욕조 이용은 못했네요<br/>다만 욕실은 변기만 있는 화장실 따로, 샤워부스 따로, 세면대 따로 있어서 편리하기도 하고 불편하기도 하고 그랬습니다.<br/>욕조는 문이 없어서 오픈된 공간이라 좀 이상했구요<br/>수건걸이나 욕실에 옷을 걸 수 있는 고리가 없는게 좀 아쉬웠습니다</div>|<div class="num">10.0</div>
남양주 에이원호텔|<div class="txt">가족 3 인으로 가서 편하게 쉬었어요. 직원들도 친절하고 숙소도 깔끔하고 좋았어요.</div>|<div class="num">10.0</div>
남양주 에이원호텔|<div class="txt">1.가족(성인3명)끼리 방문해서 트리플룸 예약했는데 방도 넓고 충분한 공간이었습니다. 1인 추가 비용은 현장에서 결제했고, 세면도구, 수건도 챙겨주셨어요.<br/>2.주차장도 넓었고, 주차장에서 호텔로 바로 연결되는 엘리베이터가 있어서 편리했습니다.<br/>3. 시설이 깔끔했어요</div>|<div class="num">10.0</div>
남양주 에이원호텔|<div class="txt">조용하고 깨끗하고 편안히 쉬기 좋습니다.</div>|<div class="num">10.0</div>
남양주 에이원호텔|<div class="txt">직업 특성상 출장을 자주 다녀서 숙소를 이용하는 경우가 상당히 많은데 지금까지 다녀 본 숙소들을 기준으로 보았을 때 상당히 괜찮은 숙소라는 생각이 드네요~ 잘 쉬다 갑니다!!! ^^</div>|<div class="num">10.0</div>
남양주 에이원호텔|<div class="txt">매번 잘 이용하고 있습니다.</div>|<div class="num">10.0</div>
남양주 에이원호텔|<div class="txt">급하게 간 거라 기대를 많이 안 하고 갔는데 깨끗하고 너무 좋았어용! 따뜻해서 진짜 이불도 안 덮고 잤어욬ㅋㅋㅋㅋㅋㅋ<br/>덕분에 진짜 푹 쉬었습니당👍👍👍</div>|<div class="num">10.0</div>
남양주 에이원호텔|<div class="txt">숙소가 깔끔하고 너무이뻤어요.<br/>재방문의사 당연히있고, 정말좋았습니다.<br/>또갈게요!</div>|<div class="num">10.0</div>
남양주 에이원호텔|<div class="txt">근처에 이용할 수 있는 시설이 별로 없어서 불편하긴 했지만 그래도 나름 직원분들이 친절하셔서 좋았어요!</div>|<div class="num">10.0</div>
저스트슬립호텔 다산신도시점|<div class="txt">주차장 내려가는 길이 엄청 좁아요. 생각보다 방이 좁아요 의자가 불편하고 테이블도 덜컹거려서 음식 쏟을뻔했네요<br/>티비소리가 작고 (최대로 해도 작음) 디즈니플러스는 로그인안돼있어서 하려고 해도 안됨...<br/>데스크 직원이 너무 불친절해요 이 가격대 주고 이런 서비스 받으니까 기분이 너무 안좋네요</div>|<div class="num">1.0</div>
저스트슬립호텔 다산신도시점|<div class="txt">장점. <br/> 청결합니다. 침구도 욕실도 호텔스러운(?) 수준<br/>아쉬운 점.<br/> 주차장이 좁고 밤에 자리가 없을 수도 있겠다 싶은 가능 대수</div>|<div class="num">10.0</div>
